{
    "root_group": {
        "name": "",
        "path": "",
        "id": "d41d8cd98f00b204e9800998ecf8427e",
        "groups": {},
        "checks": {
                "status is 2xx/3xx": {
                    "name": "status is 2xx/3xx",
                    "path": "::status is 2xx/3xx",
                    "id": "31d112b7c260d99cd32154b60b2c588b",
                    "passes": 20487,
                    "fails": 1817
                }
            }
    },
    "metrics": {
        "http_req_failed": {
            "passes": 1820,
            "fails": 20487,
            "value": 0.0815887389608643
        },
        "http_req_connecting": {
            "p(95)": 3.4824300000000026,
            "avg": 1.2104679114179389,
            "min": 0,
            "med": 0.5457,
            "max": 121.815,
            "p(90)": 2.2557
        },
        "http_req_waiting": {
            "p(95)": 4621.057000000001,
            "avg": 1151.2560259559755,
            "min": 0,
            "med": 199.4827,
            "max": 9066.7921,
            "p(90)": 3833.41928
        },
        "http_req_sending": {
            "avg": 0.0940990272111894,
            "min": 0,
            "med": 0,
            "max": 149.5768,
            "p(90)": 0,
            "p(95)": 0.5335
        },
        "vus_max": {
            "value": 1220,
            "min": 300,
            "max": 1220
        },
        "http_reqs": {
            "count": 22307,
            "rate": 229.62540129591758
        },
        "http_req_blocked": {
            "avg": 1.2869971085309522,
            "min": 0,
            "med": 0.6342,
            "max": 121.815,
            "p(90)": 2.452740000000001,
            "p(95)": 3.6837400000000002
        },
        "http_req_receiving": {
            "max": 136.6861,
            "p(90)": 0.9845,
            "p(95)": 1.679640000000001,
            "avg": 0.5739120993410144,
            "min": 0,
            "med": 0
        },
        "dropped_iterations": {
            "count": 2514,
            "rate": 25.87879404930904
        },
        "iteration_duration": {
            "p(95)": 4622.789749999999,
            "avg": 1191.8697052232803,
            "min": 1.5087,
            "med": 391.67345,
            "max": 9069.4738,
            "p(90)": 3837.3877300000004
        },
        "http_req_tls_handshaking": {
            "p(90)": 0,
            "p(95)": 0,
            "avg": 0,
            "min": 0,
            "med": 0,
            "max": 0
        },
        "checks": {
            "passes": 20487,
            "fails": 1817,
            "value": 0.9185347919655668
        },
        "vus": {
            "min": 1,
            "max": 1195,
            "value": 590
        },
        "http_req_duration": {
            "min": 0,
            "med": 200.0204,
            "max": 9068.3107,
            "p(90)": 3834.66858,
            "p(95)": 4621.78636,
            "avg": 1151.9240370825253
        },
        "data_sent": {
            "count": 2924149,
            "rate": 30100.81533034725
        },
        "http_req_duration{expected_response:true}": {
            "p(90)": 3944.722180000002,
            "p(95)": 4738.055160000002,
            "avg": 1254.2573092790499,
            "min": 0.5258,
            "med": 333.6108,
            "max": 9068.3107
        },
        "data_received": {
            "count": 18043662,
            "rate": 185739.1459002958
        },
        "iterations": {
            "count": 22304,
            "rate": 229.59451968010694
        }
    }
}