{
    "root_group": {
        "path": "",
        "id": "d41d8cd98f00b204e9800998ecf8427e",
        "groups": {},
        "checks": {
                "status is 2xx/3xx": {
                    "path": "::status is 2xx/3xx",
                    "id": "31d112b7c260d99cd32154b60b2c588b",
                    "passes": 20913,
                    "fails": 2394,
                    "name": "status is 2xx/3xx"
                }
            },
        "name": ""
    },
    "metrics": {
        "iteration_duration": {
            "p(95)": 3700.88024,
            "avg": 1102.6122486162892,
            "min": 0,
            "med": 650.4666,
            "max": 6121.3768,
            "p(90)": 3197.17792
        },
        "http_reqs": {
            "count": 23308,
            "rate": 242.03779532740097
        },
        "http_req_blocked": {
            "min": 0,
            "med": 1.0576,
            "max": 223.2542,
            "p(90)": 2.7856099999999997,
            "p(95)": 3.9218899999999985,
            "avg": 1.3404029131628599
        },
        "data_received": {
            "rate": 192105.04923811278,
            "count": 18499526
        },
        "http_req_receiving": {
            "max": 378.7651,
            "p(90)": 0.6731499999999997,
            "p(95)": 1.2244,
            "avg": 0.47833997339969103,
            "min": 0,
            "med": 0
        },
        "dropped_iterations": {
            "rate": 17.51835252777267,
            "count": 1687
        },
        "vus_max": {
            "value": 1037,
            "min": 300,
            "max": 1037
        },
        "http_req_waiting": {
            "avg": 1092.2308503217714,
            "min": 0,
            "med": 647.6370999999999,
            "max": 6119.2388,
            "p(90)": 3194.30536,
            "p(95)": 3697.638345
        },
        "data_sent": {
            "count": 2935018,
            "rate": 30478.174273478537
        },
        "http_req_tls_handshaking": {
            "med": 0,
            "max": 0,
            "p(90)": 0,
            "p(95)": 0,
            "avg": 0,
            "min": 0
        },
        "http_req_duration{expected_response:true}": {
            "avg": 1217.3233660737287,
            "min": 0,
            "med": 833.7557,
            "max": 6119.8133,
            "p(90)": 3296.7125,
            "p(95)": 3754.3709999999996
        },
        "http_req_connecting": {
            "avg": 1.2613856487043047,
            "min": 0,
            "med": 1.03045,
            "max": 222.8194,
            "p(90)": 2.6547799999999993,
            "p(95)": 3.7425549999999985
        },
        "vus": {
            "value": 1,
            "min": 0,
            "max": 1021
        },
        "checks": {
            "passes": 20913,
            "fails": 2394,
            "value": 0.8972840777448835
        },
        "iterations": {
            "count": 23307,
            "rate": 242.0274110046222
        },
        "http_req_sending": {
            "avg": 0.07778677707224989,
            "min": 0,
            "med": 0,
            "max": 43.4705,
            "p(90)": 0.505,
            "p(95)": 0.5387
        },
        "http_req_duration": {
            "avg": 1092.786977072245,
            "min": 0,
            "med": 648.6213499999999,
            "max": 6119.8133,
            "p(90)": 3194.8665899999996,
            "p(95)": 3698.9099049999995
        },
        "http_req_failed": {
            "passes": 2395,
            "fails": 20913,
            "value": 0.10275441908357645
        }
    }
}