{
    "root_group": {
        "name": "",
        "path": "",
        "id": "d41d8cd98f00b204e9800998ecf8427e",
        "groups": {},
        "checks": {
                "status is 2xx/3xx": {
                    "path": "::status is 2xx/3xx",
                    "id": "31d112b7c260d99cd32154b60b2c588b",
                    "passes": 1312,
                    "fails": 0,
                    "name": "status is 2xx/3xx"
                }
            }
    },
    "metrics": {
        "http_reqs": {
            "count": 1312,
            "rate": 87.44929165840469
        },
        "vus_max": {
            "value": 1,
            "min": 1,
            "max": 1
        },
        "http_req_tls_handshaking": {
            "avg": 0,
            "min": 0,
            "med": 0,
            "max": 0,
            "p(90)": 0,
            "p(95)": 0
        },
        "checks": {
            "passes": 1312,
            "fails": 0,
            "value": 1
        },
        "http_req_receiving": {
            "min": 0,
            "med": 0,
            "max": 4.3681,
            "p(90)": 0.52009,
            "p(95)": 0.52879,
            "avg": 0.07777644817073164
        },
        "data_received": {
            "count": 1150066,
            "rate": 76655.83617409668
        },
        "iteration_duration": {
            "min": 0.8585,
            "med": 12.26745,
            "max": 151.673,
            "p(90)": 16.28808,
            "p(95)": 18.02306,
            "avg": 11.408423475609741
        },
        "http_req_sending": {
            "avg": 0.05730472560975608,
            "min": 0,
            "med": 0,
            "max": 2.2234,
            "p(90)": 0.5108500000000001,
            "p(95)": 0.5292
        },
        "http_req_duration": {
            "avg": 10.831927820121944,
            "min": 0.8585,
            "med": 11.6525,
            "max": 148.9497,
            "p(90)": 15.54049,
            "p(95)": 17.10065
        },
        "http_req_duration{expected_response:true}": {
            "med": 11.6525,
            "max": 148.9497,
            "p(90)": 15.54049,
            "p(95)": 17.10065,
            "avg": 10.831927820121944,
            "min": 0.8585
        },
        "iterations": {
            "count": 1312,
            "rate": 87.44929165840469
        },
        "http_req_waiting": {
            "avg": 10.696846646341463,
            "min": 0.8585,
            "med": 11.571100000000001,
            "max": 148.4435,
            "p(90)": 15.44809,
            "p(95)": 16.94454
        },
        "http_req_failed": {
            "passes": 0,
            "fails": 1312,
            "value": 0
        },
        "http_req_connecting": {
            "p(95)": 0.6139500000000001,
            "avg": 0.3120468750000003,
            "min": 0,
            "med": 0.51215,
            "max": 2.7233,
            "p(90)": 0.5497000000000001
        },
        "http_req_blocked": {
            "p(90)": 0.6062200000000002,
            "p(95)": 1.053425,
            "avg": 0.40233490853658543,
            "min": 0,
            "med": 0.5191,
            "max": 2.7233
        },
        "data_sent": {
            "count": 183535,
            "rate": 12233.236085766239
        },
        "vus": {
            "value": 1,
            "min": 1,
            "max": 1
        }
    }
}